melissa1$$ melissa1$$ Melissa$$ Howard$$ Smith-Anderson$$ United States Minor Outlying Islands$$ melissa1@gmail.com$$ (070)776-2695x41559$$ (695)081-5482x09207$$ melissa1$$ http://vTx1kqnU-O.VJN.com/aZ00/?TDaTw$$ 
gregory2$$ gregory2$$ Gregory$$ Glass$$ Mercer Ltd$$ Venezuela$$ gregory2@gmail.com$$ +1-232-919-4101$$ (288)216-5092x91746$$ gregory2$$ http://p5UzmW3N.jNs.com/C/?JkTn$$ 
andrea3$$ andrea3$$ Andrea$$ Liu$$ Carter, Oconnor and Howard$$ Mozambique$$ andrea3@gmail.com$$ 001-058-009-8045$$ (015)007-0984$$ andrea3$$ http://tYr.eNl.com/AmkExz/?iI~nORlYA1$$ 
rachel4$$ rachel4$$ Rachel$$ Campbell$$ Williams, Smith and Delgado$$ Taiwan$$ rachel4@gmail.com$$ (150)529-2802x544$$ 401.080.7991$$ rachel4$$ http://jkQc5jNB1F.zpG.com/wMa85RyeEt/?SeF$$ 
andrea5$$ andrea5$$ Andrea$$ Miller$$ Torres LLC$$ Liechtenstein$$ andrea5@gmail.com$$ 001-990-418-2758x15974$$ (680)071-9205x031$$ andrea5$$ http://n28pR4.pGM.com/T0afPyp/?X7$$ 
jose6$$ jose6$$ Jose$$ Pierce$$ Rodriguez, Mcdonald and Maxwell$$ Guam$$ jose6@gmail.com$$ +1-925-407-7361x795$$ 325-503-4626$$ jose6$$ http://trYx2.wZi.com/lpDqJp-/?MD$$ 
samantha7$$ samantha7$$ Samantha$$ Martinez$$ Griffin, Bishop and Grant$$ Iraq$$ samantha7@gmail.com$$ +1-379-295-4267x13450$$ (723)287-3331$$ samantha7$$ http://f.JkP.com/8/?.~zDO$$ 
lauren8$$ lauren8$$ Lauren$$ Kline$$ Smith-Cooke$$ Poland$$ lauren8@gmail.com$$ (425)464-7807$$ 604-086-5081$$ lauren8$$ http://HJJoTYa0r.Ipd.com/S22v/?SVsYqaT$$ 
heather9$$ heather9$$ Heather$$ Foster$$ Heath-Miller$$ Macao$$ heather9@gmail.com$$ (291)487-0154x39966$$ 531-630-0333x007$$ heather9$$ http://fqh8iuA8M.UCc.com/.JEn4k/?rnPij$$ 
crystal10$$ crystal10$$ Crystal$$ Blevins$$ Watkins-Decker$$ Burundi$$ crystal10@gmail.com$$ 238-060-6407$$ (721)858-3387x946$$ crystal10$$ http://nT5OJ.IIb.com/ndEoKBc/?A~$$ 
mike11$$ mike11$$ Mike$$ Macias$$ Carter LLC$$ Japan$$ mike11@gmail.com$$ +1-672-388-6448x15333$$ 355.684.1408x178$$ mike11$$ http://DB40IY0wb2.vBG.com/L7PQXTl/?yTNqFx78Xk$$ 
johnathan12$$ johnathan12$$ Johnathan$$ Page$$ Wilson, Beck and Herring$$ French Guiana$$ johnathan12@gmail.com$$ 032.405.8967$$ 001-856-950-0484$$ johnathan12$$ http://4FdKi-0.QCc.com/XGxhYj~boc/?9xacl1h$$ 
jorge13$$ jorge13$$ Jorge$$ Frederick$$ Matthews, Sellers and Gonzales$$ United Kingdom$$ jorge13@gmail.com$$ 570.916.5590$$ 801.089.7570$$ jorge13$$ http://W.YUP.com/pFaCYi_5/?YAz5p$$ 
vicki14$$ vicki14$$ Vicki$$ Morrow$$ Price-Barrera$$ Turkmenistan$$ vicki14@gmail.com$$ 063.658.5603$$ 001-070-077-4817x52278$$ vicki14$$ http://p.pRq.com/hojJ/?LAWbnl_L6X$$ 
christine15$$ christine15$$ Christine$$ Morgan$$ Nguyen, Martinez and Fletcher$$ Nigeria$$ christine15@gmail.com$$ (352)270-6149$$ 1701045033$$ christine15$$ http://oBI0m5Cenc.axl.com/J/?j-WaD7~4V$$ 
amber16$$ amber16$$ Amber$$ Anderson$$ Boone, Castro and Diaz$$ United Arab Emirates$$ amber16@gmail.com$$ 001-340-678-6953$$ 6536709395$$ amber16$$ http://re.jla.com/Z/?8Hh$$ 
brooke17$$ brooke17$$ Brooke$$ Perez$$ Le-Hall$$ Antarctica (the territory South of 60 deg S)$$ brooke17@gmail.com$$ 194-906-8759x116$$ 001-581-162-1045x709$$ brooke17$$ http://S6j-.LXX.com/u1tkFOQ/?m.cUvdJs$$ 
alex18$$ alex18$$ Alex$$ Hopkins$$ Roy-Ramirez$$ Zambia$$ alex18@gmail.com$$ 001-806-980-3215x1716$$ (567)834-2096x5010$$ alex18$$ http://AL8I.vwX.com/y9pazH/?lIZCIOwkmv$$ 
patrick19$$ patrick19$$ Patrick$$ Randall$$ Crawford, Ball and Jimenez$$ Iceland$$ patrick19@gmail.com$$ 001-290-529-5096x7693$$ (093)954-7020$$ patrick19$$ http://Xz.mKa.com/6XlmTH/?Ta$$ 
stephanie20$$ stephanie20$$ Stephanie$$ Johnson$$ Griffin, Williams and Ward$$ Kiribati$$ stephanie20@gmail.com$$ (215)108-4052x4601$$ 1493937788$$ stephanie20$$ http://r0.qqY.com/EEG/?8sWgtfL$$ 
christopher21$$ christopher21$$ Christopher$$ Flores$$ Mckenzie Inc$$ Lithuania$$ christopher21@gmail.com$$ 001-051-810-4429$$ 431-169-8058x9926$$ christopher21$$ http://s.VLe.com/Xmcmt.9Rcm/?z$$ 
shannon22$$ shannon22$$ Shannon$$ Smith$$ Owens-Holt$$ Faroe Islands$$ shannon22@gmail.com$$ (593)569-1758$$ 473-490-0968$$ shannon22$$ http://9RWfuh6kow.cZb.com/gGZfaqiS/?V$$ 
brent23$$ brent23$$ Brent$$ Scott$$ Noble-Henry$$ Czech Republic$$ brent23@gmail.com$$ +1-147-710-1896x4586$$ 306-503-2709x2302$$ brent23$$ http://bRloyFBhQz.fNi.com/0Z/?iukYvN$$ 
michael24$$ michael24$$ Michael$$ Ward$$ Williams, Spears and Burke$$ Uruguay$$ michael24@gmail.com$$ +1-715-341-6531$$ 001-011-658-8847x2380$$ michael24$$ http://PsY1.pHm.com/NuTKXOWX/?e2Hx0u-TjG$$ 
christopher25$$ christopher25$$ Christopher$$ Morris$$ Romero, Smith and Leonard$$ Georgia$$ christopher25@gmail.com$$ +1-372-837-5543x565$$ 780-470-5546$$ christopher25$$ http://safclrV.BEq.com/pJO1/?f4KGx94$$ 
kyle26$$ kyle26$$ Kyle$$ Reyes$$ Brown Group$$ Andorra$$ kyle26@gmail.com$$ 554-867-8963$$ 870.724.7479x687$$ kyle26$$ http://D.pOW.com/pr~j9X3/?-9$$ 
daniel27$$ daniel27$$ Daniel$$ Bowen$$ Osborne Inc$$ Tuvalu$$ daniel27@gmail.com$$ (647)206-1544$$ (677)777-8057x20053$$ daniel27$$ http://qtsiyjs.rEl.com/2qX81tdVGQ/?U.e$$ 
alexander28$$ alexander28$$ Alexander$$ Campbell$$ Cook LLC$$ Sao Tome and Principe$$ alexander28@gmail.com$$ 001-982-791-4947x7350$$ (431)436-4293$$ alexander28$$ http://dZT-.EDe.com/YvbLZhlKjV/?XyRp$$ 
douglas29$$ douglas29$$ Douglas$$ Pittman$$ Wilson Inc$$ Northern Mariana Islands$$ douglas29@gmail.com$$ 050.752.2005$$ (728)502-7551x03977$$ douglas29$$ http://w.PXa.com/HlK6ig3ray/?6t5$$ 
elaine30$$ elaine30$$ Elaine$$ Smith$$ Parker, Mccarthy and Rodriguez$$ Cocos (Keeling) Islands$$ elaine30@gmail.com$$ (379)703-4698x207$$ 7722197801$$ elaine30$$ http://HkTwu-o.zJf.com/g0xAn3S/?WL3yIi$$ 
charles31$$ charles31$$ Charles$$ Carpenter$$ Adams and Sons$$ Maldives$$ charles31@gmail.com$$ (974)397-5380$$ +1-461-976-1008$$ charles31$$ http://ADz1Zlk9S.LcE.com/nRRLHiKgh/?C$$ 
william32$$ william32$$ William$$ Obrien$$ Phelps, Patterson and Owens$$ Kenya$$ william32@gmail.com$$ +1-056-538-5362$$ 001-873-743-3637$$ william32$$ http://8PLS8zppL.jEG.com/dM7_IRFzS/?vgx7TBIT$$ 
timothy33$$ timothy33$$ Timothy$$ Baker$$ Prince Inc$$ United Kingdom$$ timothy33@gmail.com$$ +1-469-343-8076x346$$ 001-535-988-3725x504$$ timothy33$$ http://btTL.GSt.com/Sbi/?LtGZ0UUY$$ 
dawn34$$ dawn34$$ Dawn$$ Lewis$$ Rush, Gill and Evans$$ French Guiana$$ dawn34@gmail.com$$ 420-732-2102$$ 641-190-1831$$ dawn34$$ http://wQ.MAp.com/9ADeZHy3/?JCFC$$ 
ryan35$$ ryan35$$ Ryan$$ Larson$$ Green Group$$ Christmas Island$$ ryan35@gmail.com$$ 001-163-928-0241x33229$$ 540.996.1610x9701$$ ryan35$$ http://RGPDYcVx.UQv.com/c6Omu.xB-8/?ta6$$ 
paul36$$ paul36$$ Paul$$ Johnson$$ Bolton, Jones and Martin$$ San Marino$$ paul36@gmail.com$$ 489-066-4184$$ 825.732.4385x6949$$ paul36$$ http://-r.lrq.com/acOWRaNf/?C.D$$ 
juan37$$ juan37$$ Juan$$ Clark$$ Pittman, Rogers and Ward$$ Japan$$ juan37@gmail.com$$ +1-854-045-4056x7631$$ 001-660-373-1166x238$$ juan37$$ http://AhdGffZI.Eqh.com/~7LZ/?nrr$$ 
amanda38$$ amanda38$$ Amanda$$ Gutierrez$$ Hernandez, Warner and Hernandez$$ Burkina Faso$$ amanda38@gmail.com$$ 013.798.2391x08129$$ 001-721-639-6353x18285$$ amanda38$$ http://wN3N.KXf.com/E/?P$$ 
crystal39$$ crystal39$$ Crystal$$ Barnes$$ Brown-Anderson$$ Saint Helena$$ crystal39@gmail.com$$ 001-411-184-7777x942$$ 707.761.5542$$ crystal39$$ http://o6F.VjM.com/iTJ1.7/?beSiR7h5t$$ 
robert40$$ robert40$$ Robert$$ Blair$$ Manning Ltd$$ Cote d'Ivoire$$ robert40@gmail.com$$ (291)836-7251x26229$$ (269)143-6860$$ robert40$$ http://s.NlJ.com/sV/?7P5et83I8$$ 
shaun41$$ shaun41$$ Shaun$$ Cook$$ Holloway-Williams$$ British Virgin Islands$$ shaun41@gmail.com$$ 102-892-0454x79403$$ 2629882324$$ shaun41$$ http://M0Zi3usg.CWx.com/rMO46l/?_B8YnzB$$ 
betty42$$ betty42$$ Betty$$ Castillo$$ Huff Group$$ Comoros$$ betty42@gmail.com$$ 097.005.6705x5517$$ +1-099-553-8033x991$$ betty42$$ http://rz.aoR.com/hnLtr3/?HpY1-_y$$ 
kelly43$$ kelly43$$ Kelly$$ Ewing$$ Parker-Wells$$ Myanmar$$ kelly43@gmail.com$$ 001-274-433-4874x89999$$ 065-617-3293x6670$$ kelly43$$ http://aAFnsJT.uLy.com/FO/?u19QPU$$ 
william44$$ william44$$ William$$ Gregory$$ Gonzalez-Flynn$$ Nauru$$ william44@gmail.com$$ 188-923-8679x913$$ 368.122.6437$$ william44$$ http://Fzb6f.qoI.com/E~Cu/?9AYC-.l.C$$ 
cynthia45$$ cynthia45$$ Cynthia$$ Jackson$$ Beck-Smith$$ Hungary$$ cynthia45@gmail.com$$ 001-955-687-9302x58484$$ (920)877-6208$$ cynthia45$$ http://kIWBM.zgx.com/c.~hD9df/?GKR7Ey-r8$$ 
maria46$$ maria46$$ Maria$$ Hale$$ Rich LLC$$ Marshall Islands$$ maria46@gmail.com$$ 515.558.5216$$ +1-663-309-3321x57285$$ maria46$$ http://l3.DTb.com/9hMgBa/?kVmxnVmaS~$$ 
margaret47$$ margaret47$$ Margaret$$ Ferguson$$ Wood, Martinez and Baker$$ Svalbard & Jan Mayen Islands$$ margaret47@gmail.com$$ (703)585-8090$$ 001-862-620-2968x78441$$ margaret47$$ http://SqGdU.UFz.com/Md.HmoHuV2/?HzNsA9$$ 
chad48$$ chad48$$ Chad$$ Castillo$$ Spence-Ross$$ Libyan Arab Jamahiriya$$ chad48@gmail.com$$ 3381650029$$ 001-338-701-0460x09695$$ chad48$$ http://6HIKbqp.lcW.com/uIf/?uj$$ 
melissa49$$ melissa49$$ Melissa$$ Lewis$$ Ingram, Archer and Murray$$ Sri Lanka$$ melissa49@gmail.com$$ 001-850-051-4608x16177$$ +1-576-210-1413x49277$$ melissa49$$ http://BECyS.sEO.com/oM7lCy/?5GH$$ 
molly50$$ molly50$$ Molly$$ Young$$ Gibbs-Hammond$$ French Guiana$$ molly50@gmail.com$$ 503-967-4481x82687$$ 368-185-7649$$ molly50$$ http://m9xRE.PdI.com/.WSVJ/?5iM821Sx$$ 
craig51$$ craig51$$ Craig$$ Reyes$$ Strickland-Richards$$ Antarctica (the territory South of 60 deg S)$$ craig51@gmail.com$$ (696)237-0919$$ 914-304-7091x85921$$ craig51$$ http://QwD3CD4N.gHn.com/P7~v/?WdAKa$$ 
samuel52$$ samuel52$$ Samuel$$ Mosley$$ Jones, Hart and Clark$$ Nigeria$$ samuel52@gmail.com$$ +1-593-987-3289$$ 303.826.1977x221$$ samuel52$$ http://Tfe.fib.com/dVDh/?hKInCh3j$$ 
adam53$$ adam53$$ Adam$$ Calhoun$$ Morrow-Turner$$ San Marino$$ adam53@gmail.com$$ 870-358-9463$$ +1-550-943-6321x968$$ adam53$$ http://dCE924.GBk.com/Mpt8P/?hQvn$$ 
michael54$$ michael54$$ Michael$$ Davis$$ Smith-Thompson$$ Djibouti$$ michael54@gmail.com$$ +1-078-407-9890x9732$$ 001-626-247-4270$$ michael54$$ http://QczHY.MQK.com/KT/?95o9CQ$$ 
brian55$$ brian55$$ Brian$$ Wheeler$$ Jackson LLC$$ Russian Federation$$ brian55@gmail.com$$ (144)963-3919$$ 001-283-644-5600x9722$$ brian55$$ http://u4.xph.com/_L/?.6tGOiRPK$$ 
lori56$$ lori56$$ Lori$$ Wilson$$ Taylor Ltd$$ Costa Rica$$ lori56@gmail.com$$ (387)277-8201$$ 001-748-624-2580$$ lori56$$ http://6gTKN8u1VI.ecs.com/nDQSaIgqO8/?dXEbavjd$$ 
justin57$$ justin57$$ Justin$$ Harrison$$ Rojas Ltd$$ Eritrea$$ justin57@gmail.com$$ 746.397.4875$$ 0558232762$$ justin57$$ http://0.XaS.com/jMT-Hx/?Ogs7FN$$ 
jodi58$$ jodi58$$ Jodi$$ Baker$$ Hall Group$$ Paraguay$$ jodi58@gmail.com$$ 428.079.8155x41001$$ 001-184-689-5625x8363$$ jodi58$$ http://D9h-8wFt.Kvc.com/bWSaLQ/?B03RZ$$ 
joseph59$$ joseph59$$ Joseph$$ Stewart$$ Hayes-Beck$$ Czech Republic$$ joseph59@gmail.com$$ 842-049-6817$$ (937)440-9383x321$$ joseph59$$ http://NojGOa.JVB.com/hxQ1sdqwq/?BBRBbLuH$$ 
heidi60$$ heidi60$$ Heidi$$ Dixon$$ Serrano, Carroll and Anderson$$ Japan$$ heidi60@gmail.com$$ 001-765-920-2062x0124$$ (162)694-5940$$ heidi60$$ http://T4HNF.dUj.com/f20F9YQqe/?880$$ 
eric61$$ eric61$$ Eric$$ Castro$$ Morgan-Lopez$$ Tonga$$ eric61@gmail.com$$ 001-017-054-9782$$ (502)815-4180x35313$$ eric61$$ http://Pejuo62tce.UxU.com/iuS/?C$$ 
stefanie62$$ stefanie62$$ Stefanie$$ Montgomery$$ Stone, Peterson and Snyder$$ Botswana$$ stefanie62@gmail.com$$ +1-993-732-1031x0606$$ 899-634-6252$$ stefanie62$$ http://ImxzCmBp.yms.com/y7YC78g/?nM7$$ 
frederick63$$ frederick63$$ Frederick$$ Foster$$ Gonzalez Inc$$ Cook Islands$$ frederick63@gmail.com$$ 5847725345$$ 7764625167$$ frederick63$$ http://vMbd.MDh.com/a6VobVT/?hAu8oP$$ 
natasha64$$ natasha64$$ Natasha$$ Luna$$ Johnson Group$$ Burundi$$ natasha64@gmail.com$$ 233-684-7032$$ 6681438292$$ natasha64$$ http://g1GukFcZNY.xiS.com/zy_T~1hXL~/?KuNxx0Ye41$$ 
wendy65$$ wendy65$$ Wendy$$ Mcdowell$$ Buckley LLC$$ Saint Lucia$$ wendy65@gmail.com$$ 898-940-5828x4006$$ 421-674-0502x929$$ wendy65$$ http://jssLD1a3aH.eEZ.com/kj/?9Nwm$$ 
tony66$$ tony66$$ Tony$$ Rodriguez$$ Martinez-May$$ Togo$$ tony66@gmail.com$$ 001-822-330-0296x989$$ 001-342-882-0418$$ tony66$$ http://JO6L2.PlO.com/IF97g/?7zDQpxTW~$$ 
kim67$$ kim67$$ Kim$$ Rice$$ Morris-Thompson$$ Gambia$$ kim67@gmail.com$$ 026-320-0553x2904$$ (307)241-8444$$ kim67$$ http://z.XsQ.com/vlSQ/?EZGucYHfa$$ 
amy68$$ amy68$$ Amy$$ Myers$$ Ramirez, Brown and Owens$$ Saint Vincent and the Grenadines$$ amy68@gmail.com$$ (151)805-4543x45239$$ 286-229-0020x4113$$ amy68$$ http://okJ.Den.com/Bqr-/?uSVEdQl$$ 
melissa69$$ melissa69$$ Melissa$$ Fletcher$$ Brown PLC$$ Tanzania$$ melissa69@gmail.com$$ +1-684-241-7851$$ (627)355-4883x997$$ melissa69$$ http://UcP.Hho.com/xDULs8x/?wuZ1J$$ 
christine70$$ christine70$$ Christine$$ Drake$$ Fields Group$$ Denmark$$ christine70@gmail.com$$ +1-338-701-0895x676$$ (463)111-2973x734$$ christine70$$ http://4rcyhYDS.PKh.com/WrR.OiSO/?4AaE.K2ePO$$ 
alexis71$$ alexis71$$ Alexis$$ Johnston$$ Turner and Sons$$ Cameroon$$ alexis71@gmail.com$$ 444.176.8276$$ 219.400.3895$$ alexis71$$ http://s.Jdg.com/KDFBa~/?HbGb3h$$ 
john72$$ john72$$ John$$ Burke$$ Gallagher-Boyle$$ French Southern Territories$$ john72@gmail.com$$ +1-548-966-1723x5473$$ +1-176-558-3060x46833$$ john72$$ http://Ql1S78.yag.com/HKNSrszTy/?-kB6SH$$ 
brian73$$ brian73$$ Brian$$ Melton$$ Gordon, Roy and Miller$$ Philippines$$ brian73@gmail.com$$ 551.365.6385x1381$$ 648.886.8482$$ brian73$$ http://or.wnz.com/o/?Ow8R_-PVK$$ 
robert74$$ robert74$$ Robert$$ Hamilton$$ Cole, Stanley and Newman$$ Slovakia (Slovak Republic)$$ robert74@gmail.com$$ (373)348-2300$$ +1-698-256-4409$$ robert74$$ http://Tq6aow.QDr.com/c1F5S/?Dz1Ib$$ 
miguel75$$ miguel75$$ Miguel$$ Skinner$$ Nelson, Graham and White$$ Saint Kitts and Nevis$$ miguel75@gmail.com$$ 001-099-664-2073x82381$$ 518.652.2524$$ miguel75$$ http://SJGR.PLv.com/Ujf/?qbDdGS_y$$ 
steven76$$ steven76$$ Steven$$ Howell$$ Jackson, Riggs and Johnson$$ Philippines$$ steven76@gmail.com$$ 085-445-3873x128$$ (266)623-1753x39935$$ steven76$$ http://CeVesN2.zZx.com/RyIQL/?FFJdQ$$ 
angela77$$ angela77$$ Angela$$ Johnson$$ King-Patterson$$ Wallis and Futuna$$ angela77@gmail.com$$ (145)834-1164x656$$ 939-160-8489x30447$$ angela77$$ http://JZOqJV2.PAG.com/UbpH/?ek$$ 
tanya78$$ tanya78$$ Tanya$$ Macdonald$$ Chang-Lopez$$ Nepal$$ tanya78@gmail.com$$ 3897992859$$ +1-765-387-9139x9263$$ tanya78$$ http://yj4OdKl8.euG.com/NBJC9bGK/?zo.jnvOD8$$ 
andrew79$$ andrew79$$ Andrew$$ Pierce$$ Adams-Padilla$$ Mexico$$ andrew79@gmail.com$$ +1-177-358-4396x2955$$ +1-295-724-9823x208$$ andrew79$$ http://uj3IltX.oHo.com/9/?MzAI7$$ 
janet80$$ janet80$$ Janet$$ Briggs$$ Atkinson LLC$$ Netherlands Antilles$$ janet80@gmail.com$$ 457.534.8862x968$$ 870.608.9780$$ janet80$$ http://UqcysUWHqT.EsY.com/zGi8EE/?d7hozd.Ye$$ 
edward81$$ edward81$$ Edward$$ Collins$$ Marsh Ltd$$ Djibouti$$ edward81@gmail.com$$ 891.531.5143x5208$$ (227)877-1597$$ edward81$$ http://MnKGUQD.Fko.com/49PD5-Si/?rq$$ 
brandon82$$ brandon82$$ Brandon$$ Pearson$$ Carpenter Group$$ Albania$$ brandon82@gmail.com$$ 046-327-8215x4016$$ (362)584-2259x14865$$ brandon82$$ http://xp.yxE.com/IjExy/?pLs08WG2$$ 
jessica83$$ jessica83$$ Jessica$$ Wyatt$$ Williams-Nelson$$ Isle of Man$$ jessica83@gmail.com$$ 798.037.1639x11462$$ 004-251-2199x540$$ jessica83$$ http://nT9ph6Ch6.TRd.com/vZ78qPbU/?6rl$$ 
laura84$$ laura84$$ Laura$$ Schmidt$$ King and Sons$$ Nepal$$ laura84@gmail.com$$ 276-516-3351$$ (085)233-1269x739$$ laura84$$ http://x0.UCa.com/5muJoBONQu/?QG$$ 
corey85$$ corey85$$ Corey$$ Molina$$ Johnson Group$$ Togo$$ corey85@gmail.com$$ 001-724-056-0402$$ (029)604-7700x843$$ corey85$$ http://-t9geO4v7.YnC.com/zTRQQc/?0_31Zc$$ 
tommy86$$ tommy86$$ Tommy$$ Hill$$ Howard, Larsen and Curtis$$ Cape Verde$$ tommy86@gmail.com$$ 991-486-8634x18931$$ 187.325.4353x141$$ tommy86$$ http://7uBu.qAj.com/xrDKN/?HRdsqz$$ 
anthony87$$ anthony87$$ Anthony$$ Williams$$ Camacho Inc$$ Angola$$ anthony87@gmail.com$$ (534)500-1915$$ 522-662-7946x2682$$ anthony87$$ http://OG.Usy.com/SVU/?GhS$$ 
christopher88$$ christopher88$$ Christopher$$ Kennedy$$ Dixon-Pace$$ Barbados$$ christopher88@gmail.com$$ 001-943-512-1122x257$$ 370-080-5767x551$$ christopher88$$ http://TrK.ZSD.com/_dBw7YK54/?u~FCI7xdON$$ 
daniel89$$ daniel89$$ Daniel$$ Ramirez$$ Reyes-Lynch$$ Saint Barthelemy$$ daniel89@gmail.com$$ 5270251909$$ 460.894.8350x2889$$ daniel89$$ http://4Wg6f.GHL.com/BZwH/?4DGk8dEO$$ 
kenneth90$$ kenneth90$$ Kenneth$$ Larson$$ York Inc$$ Tonga$$ kenneth90@gmail.com$$ (400)120-0382x304$$ 114.477.7627x501$$ kenneth90$$ http://T0bgpec.FSg.com/CG25VRTWSx/?QTxe5GQ5$$ 
linda91$$ linda91$$ Linda$$ Valdez$$ Leonard, Stone and Tucker$$ Cyprus$$ linda91@gmail.com$$ 001-801-919-5762x9681$$ 001-540-069-0859x8062$$ linda91$$ http://YCUU.EWH.com/9j/?45$$ 
jeffery92$$ jeffery92$$ Jeffery$$ Smith$$ Montoya PLC$$ Burundi$$ jeffery92@gmail.com$$ 758-570-3357x6286$$ (610)785-9314x6613$$ jeffery92$$ http://FOocnJ-.cUp.com/r_J/?Ax46BT3$$ 
brandon93$$ brandon93$$ Brandon$$ Nguyen$$ Parker, Smith and Shaffer$$ Faroe Islands$$ brandon93@gmail.com$$ +1-079-822-8812$$ +1-662-988-4244x1810$$ brandon93$$ http://kvmozY.HAZ.com/z.au/?lEsS$$ 
rebecca94$$ rebecca94$$ Rebecca$$ Sanchez$$ Miller LLC$$ Venezuela$$ rebecca94@gmail.com$$ (767)590-6742$$ (550)096-0759x028$$ rebecca94$$ http://I.Ass.com/.hrUwy/?_1qyq93X$$ 
brittany95$$ brittany95$$ Brittany$$ Rogers$$ Baker, Lucas and Meyers$$ Tuvalu$$ brittany95@gmail.com$$ 001-986-182-6497x95753$$ 001-554-395-4522$$ brittany95$$ http://ZLjfHxO.PLY.com/1q8FZ/?K3KyB$$ 
shawn96$$ shawn96$$ Shawn$$ Stewart$$ Carlson, Williams and Garrett$$ American Samoa$$ shawn96@gmail.com$$ +1-360-096-9062x65921$$ (219)923-8157x91633$$ shawn96$$ http://JiiltY8w.fgB.com/fLjL33b/?UqsjYBQ$$ 
bryan97$$ bryan97$$ Bryan$$ Thompson$$ Reynolds-Joyce$$ Grenada$$ bryan97@gmail.com$$ +1-882-707-2499$$ (451)565-0180x322$$ bryan97$$ http://WiQ7.zJC.com/x/?uo-$$ 
kerri98$$ kerri98$$ Kerri$$ Freeman$$ Oneill, Boone and Holland$$ Guernsey$$ kerri98@gmail.com$$ 349.510.8273$$ 146.002.0225x4305$$ kerri98$$ http://7iH-zkt.AWq.com/3K.U/?4bSd.vj$$ 
jeremy99$$ jeremy99$$ Jeremy$$ Lee$$ Mercer, Pena and Bautista$$ Brunei Darussalam$$ jeremy99@gmail.com$$ 294.312.1759x750$$ 001-668-336-0178$$ jeremy99$$ http://3sn-dvFKH-.QDK.com/YJW8o8ydg/?_J$$ 
michelle100$$ michelle100$$ Michelle$$ Peterson$$ Long, Cooper and Miller$$ New Zealand$$ michelle100@gmail.com$$ +1-434-850-2160x39156$$ 001-206-782-6808x5590$$ michelle100$$ http://V.RlI.com/eDOn/?Ec5knTG.$$ 
